{"cameraMode":{"drawMode":0,"name":"Shaded","section":"Shading Mode"},"sceneLighting":true,"audioPlay":false,"sceneViewState":{"showFog":true,"showMaterialUpdate":false,"showSkybox":true,"showFlares":true,"showImageEffects":true,"showParticleSystems":true},"in2DMode":false,"pivot":{"x":-0.4905252456665039,"y":4.805198669433594,"z":-3.602653741836548},"rotation":{"x":-0.0940890833735466,"y":0.8216770887374878,"z":-0.14215603470802308,"w":-0.5438713431358337},"size":4.192723751068115,"orthographic":false}