{"cameraMode":{"drawMode":0,"name":"Shaded","section":"Shading Mode"},"sceneLighting":true,"audioPlay":false,"sceneViewState":{"showFog":true,"showMaterialUpdate":false,"showSkybox":true,"showFlares":true,"showImageEffects":true,"showParticleSystems":true},"in2DMode":false,"pivot":{"x":-5.2571024894714359,"y":1.075963020324707,"z":-2.245882987976074},"rotation":{"x":-0.0499238520860672,"y":0.9484028220176697,"z":-0.19058199226856233,"w":-0.24843846261501313},"size":7.043443202972412,"orthographic":false}