{"cameraMode":{"drawMode":0,"name":"Shaded","section":"Shading Mode"},"sceneLighting":true,"audioPlay":false,"sceneViewState":{"m_AlwaysRefresh":false,"showFog":true,"showSkybox":true,"showFlares":true,"showImageEffects":true,"showParticleSystems":true,"showVisualEffectGraphs":true,"m_FxEnabled":true},"in2DMode":false,"pivot":{"x":-2.734184741973877,"y":1.017381191253662,"z":3.7683463096618654},"rotation":{"x":0.09063775837421417,"y":-0.9088218808174133,"z":0.27102023363113406,"w":0.30399513244628909},"size":4.0331501960754398,"orthographic":false}