{"cameraMode":{"drawMode":0,"name":"Shaded","section":"Shading Mode"},"sceneLighting":true,"audioPlay":false,"sceneViewState":{"m_AlwaysRefresh":false,"showFog":true,"showSkybox":true,"showFlares":true,"showImageEffects":true,"showParticleSystems":true,"showVisualEffectGraphs":true,"m_FxEnabled":true},"in2DMode":false,"pivot":{"x":-0.9419326782226563,"y":1.0809147357940674,"z":-2.4662275314331056},"rotation":{"x":-0.029567282646894456,"y":-0.9583538174629211,"z":0.2630634605884552,"w":-0.10767698287963867},"size":3.489712715148926,"orthographic":false}