{"cameraMode":{"drawMode":0,"name":"Shaded","section":"Shading Mode"},"sceneLighting":false,"audioPlay":false,"sceneViewState":{"m_AlwaysRefresh":false,"showFog":true,"showSkybox":false,"showFlares":true,"showImageEffects":true,"showParticleSystems":true,"showVisualEffectGraphs":true,"m_FxEnabled":true},"in2DMode":false,"pivot":{"x":-0.47411394119262698,"y":-0.6555886268615723,"z":2.409904956817627},"rotation":{"x":0.09013829380273819,"y":-0.3041728436946869,"z":0.028935521841049196,"w":0.9479196667671204},"size":3.267601728439331,"orthographic":false}